step,train_loss,epoch
49,0.16838258504867554,0
99,0.07817240059375763,1
