train_loss,step,epoch
0.03857695683836937,49,0
-0.757224440574646,99,1
-0.9658709764480591,149,2
-1.0928117036819458,199,3
-1.168766736984253,249,4
