step,epoch,train_loss
49,0,-0.9844279289245605
99,1,-2.1525161266326904
149,2,-2.3234260082244873
199,3,-2.3396337032318115
249,4,-2.443840742111206
