train_loss,step,epoch
0.16449329257011414,49,0
0.08052795380353928,99,1
