train_loss,step,epoch
1.2125537395477295,49,0
0.0767517238855362,99,1
-0.5161981582641602,149,2
-1.0770481824874878,199,3
-1.211363673210144,249,4
