train_loss,step,epoch
0.1740405410528183,49,0
0.08769039064645767,99,1
