train_loss,step,epoch
0.10914026200771332,49,0
0.05493846535682678,99,1
