epoch,step,train_loss
0,49,0.5786176323890686
1,99,-0.2984958291053772
2,149,-0.8167473077774048
3,199,-1.0829060077667236
4,249,-1.2144235372543335
