train_loss,step,epoch
-0.30159953236579895,49,0
-1.7935222387313843,99,1
-2.2227046489715576,149,2
-2.360614538192749,199,3
-2.436737298965454,249,4
