train_loss,epoch,step
-0.17481409013271332,0,49
-0.8436287641525269,1,99
-1.0022895336151123,2,149
-1.104363203048706,3,199
-1.169043779373169,4,249
