epoch,step,train_loss
0,49,0.11948344111442566
1,99,0.05790054425597191
2,149,0.0400671660900116
3,199,0.02724025957286358
4,249,0.024475866928696632
