train_loss,step,epoch
-0.5041225552558899,49,0
-1.0348689556121826,99,1
-1.2173974514007568,149,2
-1.287543773651123,199,3
-1.3694541454315186,249,4
