epoch,step,train_loss
0,49,-0.4001246690750122
1,99,-1.1365363597869873
2,149,-1.3681881427764893
3,199,-1.566865086555481
4,249,-1.6179417371749878
