epoch,step,train_loss
0,49,0.12391896545886993
1,99,0.056263722479343414
2,149,0.03454168885946274
3,199,0.032538291066884995
4,249,0.025318091735243797
