step,train_loss,epoch
49,0.9590014815330505,0
99,-0.038927096873521805,1
149,-0.6364696621894836,2
199,-0.8178865313529968,3
249,-1.0465790033340454,4
