epoch,step,train_loss
0,49,0.026259033009409904
1,99,0.021715113893151283
