epoch,step,train_loss
0,49,0.0345894955098629
1,99,-0.7873184084892273
2,149,-1.040697455406189
3,199,-1.1580331325531006
4,249,-1.2282822132110596
