step,train_loss,epoch
49,0.012641948647797108,0
99,0.011098060756921768,1
