train_loss,epoch,step
0.8048099279403687,0,49
0.12204143404960632,1,99
-0.6547406911849976,2,149
-1.6344245672225952,3,199
-1.7958770990371704,4,249
