step,epoch,train_loss
49,0,0.5777623653411865
99,1,-0.4682897627353668
149,2,-1.5682388544082642
199,3,-1.7523666620254517
249,4,-1.9385114908218384
