epoch,step,train_loss
0,49,0.15742352604866028
1,99,0.07609943300485611
2,149,0.05564643442630768
3,199,0.04071152210235596
4,249,0.039879754185676575
