epoch,step,train_loss
0,49,0.15812323987483978
1,99,0.07189170271158218
2,149,0.04848410189151764
3,199,0.03937612101435661
4,249,0.0360867865383625
