epoch,step,train_loss
0,49,-0.4852997660636902
1,99,-1.230043649673462
2,149,-1.4311299324035645
3,199,-1.5490318536758423
4,249,-1.6403295993804932
