train_loss,epoch,step
0.8160485625267029,0,49
-0.1566704362630844,1,99
-0.7018141150474548,2,149
-0.9926471710205078,3,199
-1.0987632274627686,4,249
