train_loss,step,epoch
0.16124607622623444,49,0
0.07501665502786636,99,1
