step,epoch,train_loss
49,0,0.025763999670743942
99,1,0.01728793792426586
