step,train_loss,epoch
49,0.128633514046669,0
99,-0.7695114612579346,1
149,-0.9415110945701599,2
199,-1.11091148853302,3
249,-1.1852433681488037,4
