epoch,train_loss,step
0,0.15903371572494507,49
1,0.072817362844944,99
