epoch,step,train_loss
0,49,-0.38085922598838806
1,99,-0.9239253997802734
2,149,-1.138943076133728
3,199,-1.1881903409957886
4,249,-1.3066949844360352
