epoch,step,train_loss
0,49,0.609893798828125
1,99,-0.5737428665161133
2,149,-1.1913199424743652
3,199,-1.4616111516952515
4,249,-1.5088332891464233
