step,epoch,train_loss
49,0,-0.018086912110447884
99,1,-0.6709709167480469
149,2,-0.8953385353088379
199,3,-1.0495285987854004
249,4,-1.1729670763015747
