train_loss,epoch,step
-0.5612165331840515,0,49
-2.021289825439453,1,99
-2.2460379600524902,2,149
-2.371870279312134,3,199
-2.413076877593994,4,249
