epoch,step,train_loss
0,49,0.13925907015800476
1,99,0.0778287798166275
2,149,0.05194822698831558
3,199,0.03556725010275841
4,249,0.030080752447247505
