epoch,step,train_loss
0,49,0.08686195313930511
1,99,0.04021292179822922
2,149,0.02748405933380127
3,199,0.021927086636424065
4,249,0.01622188091278076
