epoch,step,train_loss
0,49,0.589877188205719
1,99,-0.3056103587150574
2,149,-0.7313371896743774
3,199,-1.133320927619934
4,249,-1.2784790992736816
