epoch,train_loss,step
0,-0.12027731537818909,49
1,-0.7114687561988831,99
2,-0.9168605804443359,149
3,-1.0565871000289917,199
4,-1.1318546533584595,249
