epoch,train_loss,step
0,-0.11906098574399948,49
1,-0.7916061878204346,99
2,-0.9461386203765869,149
3,-1.030007243156433,199
