epoch,train_loss,step
0,0.028839951381087303,49
1,0.02061714231967926,99
