step,epoch,train_loss
49,0,0.1609429568052292
99,1,0.07754716277122498
