train_loss,step,epoch
0.02705676108598709,49,0
0.016598042100667953,99,1
