epoch,step,train_loss
0,49,0.3462117314338684
1,99,-0.9061300754547119
2,149,-1.3020075559616089
3,199,-1.443503975868225
4,249,-1.6872483491897583
