train_loss,epoch,step
0.941377580165863,0,49
-0.22408947348594666,1,99
-0.7954764366149902,2,149
-1.0270097255706787,3,199
-1.1733256578445435,4,249
