epoch,step,train_loss
0,49,-0.14620506763458252
1,99,-0.9426581859588623
2,149,-1.1427444219589233
3,199,-1.2897064685821533
4,249,-1.4094951152801514
