epoch,step,train_loss
0,49,-0.17786167562007904
1,99,-0.9286105632781982
2,149,-1.1435679197311401
3,199,-1.295169472694397
4,249,-1.3222301006317139
