train_loss,epoch,step
0.026411132887005806,0,49
0.017163481563329697,1,99
