epoch,step,train_loss
0,49,0.09340779483318329
1,99,0.04861047863960266
2,149,0.03452747315168381
3,199,0.02481347881257534
4,249,0.023006021976470947
