epoch,step,train_loss
0,49,0.6517325043678284
1,99,-0.36357226967811584
2,149,-0.8988522887229919
3,199,-1.1998924016952515
4,249,-1.1636487245559692
