train_loss,step,epoch
-0.539930522441864,49,0
-1.2493093013763428,99,1
-1.4026117324829102,149,2
-1.5588085651397705,199,3
-1.5885180234909058,249,4
