epoch,step,train_loss
0,49,0.8045369982719421
1,99,-0.052487563341856
2,149,-0.8269982933998108
3,199,-1.088515043258667
4,249,-1.156903862953186
