train_loss,step,epoch
0.11977501213550568,49,0
0.055156219750642776,99,1
