epoch,step,train_loss
0,49,0.636245846748352
1,99,-0.4300452172756195
2,149,-1.1895009279251099
3,199,-1.5229310989379883
4,249,-1.5214242935180664
