epoch,step,train_loss
0,49,-0.5570886135101318
1,99,-1.106950044631958
2,149,-1.3337352275848389
3,199,-1.441179633140564
4,249,-1.5025933980941772
