epoch,step,train_loss
0,49,-0.2923900783061981
1,99,-1.0073819160461426
2,149,-1.2862486839294434
3,199,-1.4431232213974
4,249,-1.5306299924850464
