epoch,step,train_loss
0,49,0.9789054989814758
1,99,0.18503692746162415
2,149,-0.4887418746948242
3,199,-0.9091721177101135
4,249,-0.977313220500946
