epoch,step,train_loss
0,49,0.617088258266449
1,99,-0.28692826628685
2,149,-0.7007479667663574
3,199,-1.2479685544967651
4,249,-1.381110429763794
