epoch,step,train_loss
0,49,0.17671245336532593
1,99,0.08970038592815399
