epoch,step,train_loss
0,49,-0.3739263415336609
1,99,-0.9191785454750061
2,149,-1.0991847515106201
3,199,-1.243847131729126
4,249,-1.377877950668335
