train_loss,epoch,step
-0.2296331375837326,0,49
-0.7860110402107239,1,99
-1.0296710729599,2,149
-1.1219079494476318,3,199
-1.1881877183914185,4,249
