epoch,step,train_loss
0,49,-0.23342779278755188
1,99,-0.7760262489318848
2,149,-0.97694993019104
3,199,-1.102088212966919
4,249,-1.153106927871704
