train_loss,epoch,step
-0.07644318789243698,0,49
-1.6957992315292358,1,99
-2.212369918823242,2,149
-2.2664363384246826,3,199
-2.310868978500366,4,249
