epoch,train_loss,step
0,0.9048121571540833,49
1,-0.14249911904335022,99
2,-0.6399131417274475,149
3,-0.8719555735588074,199
4,-1.1251132488250732,249
