train_loss,epoch,step
0.167312890291214,0,49
0.0787622481584549,1,99
