epoch,train_loss,step
0,-0.9437547326087952,49
1,-2.1799230575561523,99
2,-2.3663556575775146,149
3,-2.425661087036133,199
4,-2.478940725326538,249
