epoch,step,train_loss
0,49,-0.4241945743560791
1,99,-1.3949545621871948
2,149,-1.598170280456543
3,199,-1.721527099609375
4,249,-1.8248419761657715
