train_loss,step,epoch
1.0312187671661377,49,0
0.09205805510282516,99,1
-0.5431368947029114,149,2
-0.699973464012146,199,3
-0.9377481341362,249,4
