epoch,step,train_loss
0,49,1.215792179107666
1,99,0.2146362066268921
2,149,-0.3027515113353729
3,199,-0.47867003083229065
4,249,-0.7498285174369812
