train_loss,step,epoch
0.20249222218990326,49,0
-1.4933968782424927,99,1
-2.072780132293701,149,2
-2.174548864364624,199,3
-2.2601773738861084,249,4
