train_loss,epoch,step
0.746437132358551,0,49
-0.13287167251110077,1,99
-1.231023907661438,2,149
-1.7218166589736938,3,199
-1.7350759506225586,4,249
