step,train_loss,epoch
49,0.42114752531051636,0
99,-0.5563651323318481,1
149,-1.5257225036621094,2
199,-1.7091727256774902,3
249,-1.9180797338485718,4
