train_loss,epoch,step
-0.872681736946106,0,49
-2.076244592666626,1,99
-2.275770425796509,2,149
-2.4090607166290283,3,199
-2.4835939407348633,4,249
