train_loss,step,epoch
-0.5210452079772949,49,0
-1.1971540451049805,99,1
-1.4959498643875122,149,2
-1.6222141981124878,199,3
-1.712091326713562,249,4
