step,train_loss,epoch
49,-0.881889283657074,0
99,-2.185321807861328,1
149,-2.2491703033447266,2
199,-2.363595724105835,3
249,-2.3997843265533447,4
