train_loss,step,epoch
-0.5315879583358765,49,0
-1.2829724550247192,99,1
-1.4510369300842285,149,2
-1.595414161682129,199,3
-1.6543513536453247,249,4
