train_loss,epoch,step
0.15953519940376282,0,49
0.09668084233999252,1,99
