step,train_loss,epoch
49,0.16557906568050385,0
99,0.07166586071252823,1
