train_loss,step,epoch
-0.030203595757484436,49,0
-0.8206759691238403,99,1
-0.979733407497406,149,2
-1.1390506029129028,199,3
-1.257619023323059,249,4
