epoch,step,train_loss
0,49,0.1518707424402237
1,99,0.08360110223293304
