train_loss,epoch,step
-0.1170787513256073,0,49
-0.869615912437439,1,99
-1.0390777587890625,2,149
-1.1137434244155884,3,199
-1.1888833045959473,4,249
