train_loss,step,epoch
0.26402121782302856,49,0
-0.7232959866523743,99,1
-1.3171501159667969,149,2
-1.593572974205017,199,3
-1.705432415008545,249,4
