train_loss,step,epoch
0.8151509761810303,49,0
-0.07875246554613113,99,1
-0.6808223724365234,149,2
-0.9151824712753296,199,3
-1.0239888429641724,249,4
