epoch,step,train_loss
0,49,0.9634134769439697
1,99,-0.1239522397518158
2,149,-0.7320337891578674
3,199,-1.015231728553772
4,249,-1.3300291299819946
