epoch,step,train_loss
0,49,0.015629127621650696
1,99,-0.7359368801116943
2,149,-0.9444313049316406
3,199,-1.1194554567337036
4,249,-1.203498363494873
