epoch,step,train_loss
0,49,1.1320512294769287
1,99,-0.11335042119026184
2,149,-0.6338310837745667
3,199,-0.8512638211250305
4,249,-0.9274089336395264
