epoch,step,train_loss
0,49,0.11299841850996017
1,99,0.0535716786980629
2,149,0.03385289013385773
3,199,0.025731530040502548
4,249,0.019967595115303993
