epoch,step,train_loss
0,49,0.17218677699565887
1,99,0.0800241082906723
