train_loss,epoch,step
0.02884419448673725,0,49
0.015361947938799858,1,99
