train_loss,step,epoch
0.3205392360687256,49,0
-0.6065803170204163,99,1
-1.6618058681488037,149,2
-1.7328038215637207,199,3
-1.970286250114441,249,4
