epoch,step,train_loss
0,49,-0.7105781435966492
1,99,-1.3431518077850342
2,149,-1.497738003730774
3,199,-1.6467212438583374
4,249,-1.7757469415664673
