train_loss,epoch,step
1.1217881441116333,0,49
-0.05519428849220276,1,99
-0.713174045085907,2,149
-0.6604219675064087,3,199
-0.9587571024894714,4,249
