epoch,step,train_loss
0,49,0.11376705020666122
1,99,0.05175091698765755
2,149,0.0350804403424263
3,199,0.02734302543103695
4,249,0.02724539302289486
