epoch,step,train_loss
0,49,1.1714508533477783
1,99,0.03754600137472153
2,149,-0.5934797525405884
3,199,-1.0028672218322754
4,249,-1.1177189350128174
