epoch,step,train_loss
0,49,1.089040994644165
1,99,-0.18124115467071533
2,149,-0.8850763440132141
3,199,-0.912708044052124
4,249,-1.2141273021697998
