train_loss,epoch,step
0.1751832216978073,0,49
0.07815176248550415,1,99
