epoch,step,train_loss
0,49,0.5037798285484314
1,99,-0.6283721923828125
2,149,-1.3315898180007935
3,199,-1.6610790491104126
4,249,-1.7308660745620728
