step,train_loss,epoch
49,0.8981786966323853,0
99,-0.06530853360891342,1
149,-0.6643171906471252,2
199,-0.8977149724960327,3
249,-1.1843396425247192,4
