train_loss,step,epoch
0.025401074439287186,49,0
0.017397908493876457,99,1
