epoch,step,train_loss
0,49,-0.09704051166772842
1,99,-0.7369363307952881
2,149,-0.9595710635185242
3,199,-1.0557068586349487
4,249,-1.2006357908248901
