train_loss,step,epoch
0.538353443145752,49,0
-0.5618501901626587,99,1
-1.195408582687378,149,2
-1.4811522960662842,199,3
-1.3803752660751343,249,4
