epoch,step,train_loss
0,49,0.11510471254587173
1,99,0.050295390188694
2,149,0.030551383271813393
3,199,0.023133225739002228
4,249,0.02215423621237278
