train_loss,step,epoch
0.1212044432759285,49,0
0.06193479895591736,99,1
