step,epoch,train_loss
49,0,1.021745204925537
99,1,-0.11242872476577759
149,2,-0.7146002054214478
199,3,-0.8349459171295166
249,4,-1.0488336086273193
