step,train_loss,epoch
49,-0.020835449919104576,0
99,-0.776108980178833,1
149,-1.0333257913589478,2
199,-1.0674811601638794,3
249,-1.1784238815307617,4
