epoch,step,train_loss
0,49,0.11532891541719437
1,99,0.05674433335661888
2,149,0.03821491077542305
3,199,0.02874821610748768
4,249,0.02371206320822239
