step,train_loss,epoch
49,0.025164742022752762,0
99,0.021165277808904648,1
