step,train_loss,epoch
49,0.019325122237205505,0
99,-0.7766679525375366,1
149,-1.0046489238739014,2
199,-1.145824909210205,3
249,-1.1916965246200562,4
