epoch,step,train_loss
0,49,0.10179553180932999
1,99,-0.7227185964584351
2,149,-0.9422051310539246
3,199,-1.1037201881408691
4,249,-1.192845106124878
