train_loss,step,epoch
0.5761866569519043,49,0
-0.478363573551178,99,1
-1.0373022556304932,149,2
-1.3257445096969604,199,3
-1.4717433452606201,249,4
