epoch,step,train_loss
0,49,0.13355819880962372
1,99,0.05045634135603905
2,149,0.03533444553613663
3,199,0.029471157118678093
4,249,0.028997790068387985
